{
  "shoes": [
    {
      "id": 1,
      "img": "https://www.pelininayakkabilari.com/Uploads/UrunResimleri/thumb/sies-bej-suet-9678.jpg",
      "images": [
        "https://www.pelininayakkabilari.com/Uploads/UrunResimleri/thumb/sies-bej-suet-9678.jpg"
      ],
      "urunAd": "SİES BEJ SÜET",
      "fiyat": "299,00",
      "urunAciklama": "Standart kalıp iç: tekstil malzeme dış suni deri ve file 3,5 taban"
    },
    {
      "id": 2,
      "img": "https://www.pelininayakkabilari.com/Uploads/UrunResimleri/thumb/tatto-gri-suet-cfb0.jpg",
      "images": [
        "https://www.pelininayakkabilari.com/Uploads/UrunResimleri/thumb/tatto-gri-suet-cfb0.jpg"
      ],
      "urunAd": "TATTO GRİ SÜET",
      "fiyat": "319.00",
      "urunAciklama": "Standart kalıp iç: tekstil malzeme dış suni deri ve file 3,5 taban"
    },
    {
      "id": 3,
      "img": "https://www.pelininayakkabilari.com/Uploads/UrunResimleri/thumb/lagom-beyaz-9a4a.jpg",
      "images": [
        "https://www.pelininayakkabilari.com/Uploads/UrunResimleri/thumb/lagom-beyaz-9a4a.jpg"
      ],
      "urunAd": "LAGOM BEYAZ",
      "fiyat": "319.00",
      "urunAciklama": "Standart kalıp iç: tekstil malzeme dış suni deri ve file 3,5 taban"
    },
    {
      "id": 4,
      "img": "https://www.pelininayakkabilari.com/Uploads/UrunResimleri/thumb/binge-ten-deri-5a89.jpg",
      "images": [
        "https://www.pelininayakkabilari.com/Uploads/UrunResimleri/thumb/binge-ten-deri-5a89.jpg"
      ],
      "urunAd": "BİNGE TEN DERİ",
      "fiyat": "399.00",
      "urunAciklama": "Standart kalıp iç: tekstil malzeme dış suni deri ve file 3,5 taban"
    },
    {
      "id": 5,
      "img": "https://www.pelininayakkabilari.com/Uploads/UrunResimleri/thumb/lagom-beyaz-9a4a.jpg",
      "images": [
        "https://www.pelininayakkabilari.com/Uploads/UrunResimleri/thumb/lagom-beyaz-9a4a.jpg"
      ],
      "urunAd": "LAGOM BEYAZ",
      "fiyat": "319.00",
      "urunAciklama": "Standart kalıp iç: tekstil malzeme dış suni deri ve file 3,5 taban"
    },
    {
      "id": 6,
      "img": "https://www.pelininayakkabilari.com/Uploads/UrunResimleri/thumb/binge-ten-deri-5a89.jpg",
      "images": [
        "https://www.pelininayakkabilari.com/Uploads/UrunResimleri/thumb/binge-ten-deri-5a89.jpg"
      ],
      "urunAd": "BİNGE TEN DERİ",
      "fiyat": "399.00",
      "urunAciklama": "Standart kalıp iç: tekstil malzeme dış suni deri ve file 3,5 taban"
    }
  ]
}
